{
    "manufacter": {
        "name": "Hyundai", 
        "country": "South Korea"
    }, 
    "engine": {
        "gears": "6", 
        "transmission": "Manual", 
        "type": "Petrol"
    }, 
    "description": "The Navara is all about freedom including freedom of choice.",  
    "id": "navara", 
    "images": [
        "img/cars/hyundai veloster.jpg",
        "img/cars/hyundai veloster2.jpg",
        "img/cars/hyundai veloster3.jpg",
        "img/cars/hyundai veloster4.jpg",
        "img/cars/hyundai veloster5.jpg"
    ], 
    "name": "Navara", 
    "sizeAndWeight": {
        "dimensions": [
            "1399.5 mm (w)", 
            "1595.8 mm (h)", 
            "4218.9 mm (l)"
        ], 
        "weight": "1211.0 Kg"
    }, 
    "space": {
        "volume": "15.5L"
    }
}
